<?xml version="1.0" encoding="UTF-8" standalone="no"?>
<aaa2024-04-08>
    <portfolio_name>aaa</portfolio_name>
    <sold>false</sold>
    <value>140011.18</value>
    <initial_value>0.0</initial_value>
    <stocks>
        <AAPL>
            <symbol>AAPL</symbol>
            <price>169.58</price>
            <shares>59.67</shares>
            <initial_price>150.82</initial_price>
            <trade_time>2023-02-02</trade_time>
        </AAPL>
        <IBM>
            <symbol>IBM</symbol>
            <price>189.14</price>
            <shares>7.33</shares>
            <initial_price>136.39</initial_price>
            <trade_time>2023-02-02</trade_time>
        </IBM>
        <AAPL>
            <symbol>AAPL</symbol>
            <price>169.58</price>
            <shares>58.51</shares>
            <initial_price>153.83</initial_price>
            <trade_time>2023-03-06</trade_time>
        </AAPL>
        <IBM>
            <symbol>IBM</symbol>
            <price>189.14</price>
            <shares>7.68</shares>
            <initial_price>130.19</initial_price>
            <trade_time>2023-03-06</trade_time>
        </IBM>
        <AAPL>
            <symbol>AAPL</symbol>
            <price>169.58</price>
            <shares>54.96</shares>
            <initial_price>163.76</initial_price>
            <trade_time>2023-04-05</trade_time>
        </AAPL>
        <IBM>
            <symbol>IBM</symbol>
            <price>189.14</price>
            <shares>7.57</shares>
            <initial_price>132.14</initial_price>
            <trade_time>2023-04-05</trade_time>
        </IBM>
        <AAPL>
            <symbol>AAPL</symbol>
            <price>169.58</price>
            <shares>51.85</shares>
            <initial_price>173.57</initial_price>
            <trade_time>2023-05-05</trade_time>
        </AAPL>
        <IBM>
            <symbol>IBM</symbol>
            <price>189.14</price>
            <shares>8.09</shares>
            <initial_price>123.65</initial_price>
            <trade_time>2023-05-05</trade_time>
        </IBM>
        <AAPL>
            <symbol>AAPL</symbol>
            <price>169.58</price>
            <shares>50.12</shares>
            <initial_price>179.58</initial_price>
            <trade_time>2023-06-05</trade_time>
        </AAPL>
        <IBM>
            <symbol>IBM</symbol>
            <price>189.14</price>
            <shares>7.54</shares>
            <initial_price>132.64</initial_price>
            <trade_time>2023-06-05</trade_time>
        </IBM>
        <AAPL>
            <symbol>AAPL</symbol>
            <price>169.58</price>
            <shares>47.04</shares>
            <initial_price>191.33</initial_price>
            <trade_time>2023-07-05</trade_time>
        </AAPL>
        <IBM>
            <symbol>IBM</symbol>
            <price>189.14</price>
            <shares>7.45</shares>
            <initial_price>134.24</initial_price>
            <trade_time>2023-07-05</trade_time>
        </IBM>
        <AAPL>
            <symbol>AAPL</symbol>
            <price>169.58</price>
            <shares>49.45</shares>
            <initial_price>181.99</initial_price>
            <trade_time>2023-08-04</trade_time>
        </AAPL>
        <IBM>
            <symbol>IBM</symbol>
            <price>189.14</price>
            <shares>6.93</shares>
            <initial_price>144.24</initial_price>
            <trade_time>2023-08-04</trade_time>
        </IBM>
        <AAPL>
            <symbol>AAPL</symbol>
            <price>169.58</price>
            <shares>47.44</shares>
            <initial_price>189.7</initial_price>
            <trade_time>2023-09-05</trade_time>
        </AAPL>
        <IBM>
            <symbol>IBM</symbol>
            <price>189.14</price>
            <shares>6.75</shares>
            <initial_price>148.13</initial_price>
            <trade_time>2023-09-05</trade_time>
        </IBM>
        <AAPL>
            <symbol>AAPL</symbol>
            <price>169.58</price>
            <shares>51.46</shares>
            <initial_price>174.91</initial_price>
            <trade_time>2023-10-05</trade_time>
        </AAPL>
        <IBM>
            <symbol>IBM</symbol>
            <price>189.14</price>
            <shares>7.07</shares>
            <initial_price>141.52</initial_price>
            <trade_time>2023-10-05</trade_time>
        </IBM>
        <AAPL>
            <symbol>AAPL</symbol>
            <price>169.58</price>
            <shares>50.21</shares>
            <initial_price>179.23</initial_price>
            <trade_time>2023-11-06</trade_time>
        </AAPL>
        <IBM>
            <symbol>IBM</symbol>
            <price>189.14</price>
            <shares>6.71</shares>
            <initial_price>148.97</initial_price>
            <trade_time>2023-11-06</trade_time>
        </IBM>
        <AAPL>
            <symbol>AAPL</symbol>
            <price>169.58</price>
            <shares>46.8</shares>
            <initial_price>192.32</initial_price>
            <trade_time>2023-12-06</trade_time>
        </AAPL>
        <IBM>
            <symbol>IBM</symbol>
            <price>189.14</price>
            <shares>6.24</shares>
            <initial_price>160.28</initial_price>
            <trade_time>2023-12-06</trade_time>
        </IBM>
        <AAPL>
            <symbol>AAPL</symbol>
            <price>169.58</price>
            <shares>49.67</shares>
            <initial_price>181.18</initial_price>
            <trade_time>2024-01-05</trade_time>
        </AAPL>
        <IBM>
            <symbol>IBM</symbol>
            <price>189.14</price>
            <shares>6.28</shares>
            <initial_price>159.16</initial_price>
            <trade_time>2024-01-05</trade_time>
        </IBM>
        <AAPL>
            <symbol>AAPL</symbol>
            <price>169.58</price>
            <shares>47.95</shares>
            <initial_price>187.68</initial_price>
            <trade_time>2024-02-05</trade_time>
        </AAPL>
        <IBM>
            <symbol>IBM</symbol>
            <price>189.14</price>
            <shares>5.45</shares>
            <initial_price>183.42</initial_price>
            <trade_time>2024-02-05</trade_time>
        </IBM>
        <AAPL>
            <symbol>AAPL</symbol>
            <price>169.58</price>
            <shares>53.22</shares>
            <initial_price>169.12</initial_price>
            <trade_time>2024-03-06</trade_time>
        </AAPL>
        <IBM>
            <symbol>IBM</symbol>
            <price>189.14</price>
            <shares>5.1</shares>
            <initial_price>196.16</initial_price>
            <trade_time>2024-03-06</trade_time>
        </IBM>
    </stocks>
</aaa2024-04-08>
