<?xml version="1.0" encoding="UTF-8" standalone="no"?>
<Portfolio22024-04-03>
    <portfolio_name>Portfolio2</portfolio_name>
    <sold>false</sold>
    <value>16965.0</value>
    <initial_value>16965.0</initial_value>
    <stocks>
        <AAPL>
            <symbol>AAPL</symbol>
            <price>169.65</price>
            <shares>100.0</shares>
            <initial_price>173.23</initial_price>
            <trade_time>2024-03-12</trade_time>
        </AAPL>
    </stocks>
</Portfolio22024-04-03>
